Username,Password,Name,Bio,Skill,Billability Hours,Employee Grade,Reporting to
atanaka,pwd01,Alice Tanaka,"A lover of intricate puzzles and the satisfaction of finding the perfect fit. My days are often spent constructing solutions, whether it's arranging elements in a physical space or something more abstract. I find joy in the process of iteration and refinement, always seeking a more elegant and efficient outcome. When not engaged in these pursuits, I enjoy long walks and the quiet observation of patterns in nature. My approach is methodical, and I believe in the power of careful planning.","Java, Spring, SQL",4,Reportee,Rani Perera
kmensah,pwd02,Kwame Mensah,"Fascinated by the underlying structure of things and how different components interact to create a cohesive whole. I enjoy the challenge of taking disparate pieces and assembling them into a functional system. My mind often wanders to the logic behind everyday mechanisms, seeking to understand their inner workings. Outside of this, I'm an enthusiastic baker, where precision and careful measurement are key. I value clarity and a step-by-step approach to any endeavor.","Python, Django, RESTfulAPIs",0,Reportee,Rani Perera
slee,pwd03,Soo-Jin Lee,"An explorer at heart, always curious about how processes flow and how information moves from one point to another. I'm drawn to understanding the connections between different elements and optimizing their interaction. In my downtime, I enjoy strategy games that require careful resource management and anticipating future states. I believe in the importance of clear communication and a well-defined structure to achieve any goal effectively.","C++, Linux, EmbeddedSystems",8,Reportee,Rani Perera
aadebayo,pwd04,Aisha Adebayo,"I have a knack for identifying bottlenecks and streamlining workflows. The challenge of making things run smoother and more efficiently is something I find deeply rewarding. I appreciate systems that are both robust and user-friendly. Beyond this, I'm a keen gardener, finding parallels in nurturing growth and cultivating positive outcomes. My philosophy is to always look for ways to improve and iterate on existing processes.","SQL, DataModeling, ETL",8,Reportee,Rani Perera
rpatel,pwd05,Ravi Patel,"A firm believer in the power of organization and logical sequencing. I enjoy the process of breaking down complex problems into smaller, manageable steps. Finding the most direct and effective path to a solution is a constant pursuit. When not focused on this, I'm an avid reader of science fiction, fascinated by imagined systems and technologies. I value precision and a well-documented approach to any task.","JavaScript, React, Nodejs",0,Reportee,Rani Perera
nnkosi,pwd06,Nomusa Nkosi,"Drawn to the beauty of well-designed frameworks and the elegance of interconnected systems. I find satisfaction in building things that are not only functional but also aesthetically pleasing in their efficiency. In my free time, I enjoy crafting, where attention to detail and the careful selection of materials are paramount. I believe that a solid foundation is essential for any successful creation, whether tangible or intangible.","HTML, CSS, JavaScript, UI, UXDesign",0,Reportee,Rani Perera
hsato,pwd07,Haruki Sato,"I thrive on understanding the intricacies of how different parts work together to achieve a common objective. The process of debugging and refining a system to reach its optimal performance is particularly engaging for me. Outside of this, I'm a passionate cyclist, appreciating the mechanics and efficiency of a well-tuned machine. My approach is analytical, and I believe in the importance of testing and validation.","React, Redux, Jest",8,Reportee,Rani Perera
fchukwu,pwd08,Femi Chukwu,"A natural at spotting patterns and understanding the underlying logic that governs them. I enjoy the challenge of predicting outcomes based on existing data and identifying potential areas for improvement. When not engaged in this, I'm a volunteer at a local museum, helping to organize and categorize historical artifacts. I value clarity and a systematic approach to understanding complex information.","Nodejs, Expressjs, MongoDB",8,Reportee,Rani Perera
pwong,pwd09,Ping Wong,"I find great satisfaction in constructing robust and reliable solutions that can withstand various challenges. The process of anticipating potential issues and building safeguards is a key aspect of my approach. In my leisure time, I enjoy building model airplanes, where precision and attention to structural integrity are crucial. I believe in thoroughness and a proactive mindset to ensure long-term stability.","Angular, TypeScript, RxJS",0,Reportee,Rani Perera
zabdulahi,pwd10,Zainab Abdulahi,"Curious about the flow of information and the pathways it takes to reach its destination. I enjoy optimizing these pathways for speed and accuracy. Beyond this, I'm an enthusiastic chess player, appreciating the strategic thinking and anticipation of moves. My focus is on efficiency and ensuring smooth transitions within any system.","Vuejs, Vuex, Nuxtjs",8,Reportee,Rani Perera
rsingh,pwd11,Rajiv Singh,"Adept at navigating complex environments and finding the most efficient routes to a desired outcome. I enjoy the challenge of optimizing processes and eliminating unnecessary steps. In my free time, I enjoy hiking and exploring new trails, always looking for the most direct path to a scenic viewpoint. I value practicality and a results-oriented approach.","Agile, Scrum, Kanban",8,Reportee,Rani Perera
nmoyo,pwd12,Nandi Moyo,"I appreciate the elegance of well-structured systems and the way different components can work in harmony. The process of organizing and categorizing information to make it more accessible is something I find rewarding. Outside of this, I'm an avid collector of vintage maps, fascinated by how information is organized and presented visually. My approach is methodical and detail-oriented.","Scrum, Jira, Confluence",8,Reportee,Rani Perera
htan,pwd13,Hao Tan,"Interested in understanding the cause-and-effect relationships within complex scenarios. I enjoy the process of diagnosing issues and identifying the root cause to implement effective solutions. When not engaged in this, I enjoy playing strategy board games that require careful planning and understanding of interconnected elements. I believe in a systematic approach to problem-solving.","DevOps, Docker, Kubernetes",8,Reportee,Rani Perera
adiallo,pwd14,Aminata Diallo,"I have a knack for visualizing abstract concepts and translating them into tangible solutions. The process of building something from an idea is incredibly satisfying. In my free time, I enjoy origami, where intricate designs are created through careful folding and manipulation. I value clarity of vision and a step-by-step execution.","CloudComputing, AWS, Azure",0,Reportee,Rani Perera
kkimani,pwd15,Kamau Kimani,"A firm believer in the power of collaboration and the seamless integration of different parts to achieve a common goal. I enjoy facilitating communication and ensuring that all elements work together effectively. Beyond this, I'm a member of a community choir, appreciating the harmony created by diverse voices coming together. My approach is collaborative and focused on synergy.","Testing, Selenium, JUnit",8,Reportee,Rani Perera
msrikanth,pwd16,Meena Srikanth,"I find satisfaction in creating frameworks that are both robust and adaptable to changing needs. The ability to build something that can evolve and grow is a key aspect of my work. In my leisure time, I enjoy knitting, where individual strands come together to form a resilient fabric. I value flexibility and the ability to iterate based on feedback.","DatabaseManagement, MySQL, PostgreSQL, DataMigration",0,Reportee,Rani Perera
onguyen,pwd17,Linh Nguyen,"Curious about how data flows and how insights can be derived from it. I enjoy the process of analyzing information to identify trends and patterns. Outside of this, I'm an enthusiastic birdwatcher, observing the patterns of migration and behavior in complex ecosystems. My focus is on understanding and interpreting information effectively.","DataAnalysis, R, Pandas",8,Reportee,Rani Perera
iibrahim,pwd18,Ismail Ibrahim,"I appreciate the logic and precision required to build reliable and efficient systems. The challenge of creating something that performs consistently and predictably is something I find deeply engaging. When not focused on this, I enjoy playing Sudoku, where logical deduction and pattern recognition are key. My approach is analytical and focused on accuracy.","Cybersecurity, NetworkSecurity, PenetrationTesting",8,Reportee,Rani Perera
pchong,pwd19,Park Chong-ho,"Drawn to the intricacies of how different components interact and influence each other within a larger system. I enjoy the process of understanding these relationships and optimizing their performance. In my free time, I enjoy tending to my aquarium, observing the delicate balance of the aquatic ecosystem. I value interconnectedness and a holistic perspective.","UI, UXDesign, Figma, Sketch, Wireframing",0,Reportee,Rani Perera
sbandara,pwd20,Saman Bandara,"I have a keen interest in the user experience and ensuring that systems are intuitive and easy to navigate. The process of designing solutions with the end-user in mind is a central focus of my work. Beyond this, I'm an avid board game player, appreciating games with clear rules and engaging interactions. My approach is user-centric and focused on accessibility.","TechnicalWriting, APIDocumentation, UserManuals",0,Reportee,Rani Perera
tgetachew,pwd21,Tigist Getachew,"I enjoy the challenge of taking complex information and presenting it in a clear and understandable format. The process of simplifying intricate details is something I find rewarding. In my leisure time, I enjoy reading non-fiction books on diverse subjects, always seeking to understand new concepts. I value clarity and effective communication.","ProjectManagement, PMP, Agile, RiskManagement",8,Reportee,Rani Perera
vpillai,pwd22,Vikram Pillai,"Adept at coordinating different elements and ensuring that projects stay on track and within scope. The process of planning and organizing resources to achieve a common goal is a key aspect of my work. Outside of this, I'm involved in organizing community events, appreciating the need for careful planning and coordination. My approach is organized and goal-oriented.","BusinessAnalysis, RequirementsGathering, ProcessModeling",0,Reportee,Rani Perera
wokoro,pwd23,Wale Okoro,"I find satisfaction in identifying areas for improvement and implementing solutions that lead to greater efficiency. The process of optimizing workflows and eliminating waste is something I'm passionate about. When not engaged in this, I enjoy practicing mindfulness and meditation, seeking to optimize mental clarity and focus. My approach is analytical and focused on continuous improvement.","QualityAssurance, TestPlanning, BugTracking",8,Reportee,Rani Perera
yzhang,pwd24,Yifei Zhang,"Curious about the underlying principles that govern how things function and how they can be applied in practical ways. I enjoy exploring different methodologies and finding the most effective approach to a given challenge. In my free time, I enjoy experimenting with DIY projects, applying theoretical knowledge to build tangible outcomes. My approach is inquisitive and solution-oriented.","SystemAdministration, Linux, WindowsServer, Scripting, Bash, PowerShell",0,Reportee,Rani Perera
zali,pwd25,Zara Ali,"I appreciate the importance of maintaining stability and ensuring the smooth operation of complex systems. The process of monitoring performance and proactively addressing potential issues is a key focus of my work. Beyond this, I'm a volunteer at a local library, helping to maintain the organization and accessibility of information. My approach is meticulous and focused on reliability.","NetworkEngineering, Cisco, TCP, IP, DNS",8,Reportee,Rani Perera
akumari,pwd26,Anjali Kumari,"Interested in the evolution of processes and how new technologies can be leveraged to enhance existing systems. I enjoy exploring innovative solutions and adapting them to practical applications. In my leisure time, I enjoy attending technology conferences and learning about the latest advancements. My approach is forward-thinking and adaptable.","DatabaseAdministration, SQLServer, Oracle, PerformanceTuning",0,Reportee,Rani Perera
kadekunle,pwd27,Kunle Adekunle,"I have a knack for troubleshooting and resolving issues that arise within complex systems. The process of diagnosing problems and implementing effective fixes is something I find deeply engaging. When not focused on this, I enjoy playing logic puzzles that require systematic thinking and problem-solving skills. My approach is analytical and focused on finding effective solutions.","ITSupport, Troubleshooting, Hardware, SoftwareInstallation",8,Reportee,Rani Perera
swijaya,pwd28,Siti Wijaya,"A firm believer in the importance of clear documentation and knowledge sharing to ensure the long-term maintainability of systems. The process of creating comprehensive guides and resources is a key aspect of my work. Outside of this, I enjoy writing and maintaining a personal blog on various topics of interest. My approach is detail-oriented and focused on clarity.","TechnicalSupport, CustomerService, RemoteAssistance, KnowledgeBaseManagement",8,Reportee,Rani Perera
mdiop,pwd29,Mamadou Diop,"I find satisfaction in building tools and resources that empower others to work more effectively. The process of creating user-friendly solutions is something I'm passionate about. In my free time, I enjoy creating and sharing tutorials on various skills and hobbies. My approach is user-focused and aims to empower others.","Training, CurriculumDevelopment, ElearningPlatforms",0,Reportee,Rani Perera
oyadav,pwd30,Om Yadav,"Curious about the potential of emerging technologies and how they can be applied to solve real-world problems. I enjoy experimenting with new tools and techniques to find innovative solutions. Beyond this, I'm involved in online communities focused on technology and innovation. My approach is exploratory and open to new ideas.","MachineLearning, TensorFlow, PyTorch, DataScience",8,Reportee,Rani Perera
iokorocha,pwd31,Ifeoma Okorocha,"I appreciate the value of well-defined standards and ensuring consistency across different platforms and systems. The process of implementing and maintaining these standards is a key aspect of my work. In my leisure time, I enjoy collecting and organizing vintage stamps, appreciating the importance of categorization and consistency. My approach is systematic and focused on standardization.","Compliance, GDPR, ISO27001, RiskAssessment",8,Reportee,Rani Perera
ptsai,pwd32,Pei-Ling Tsai,"Interested in the security aspects of systems and ensuring that they are protected from potential threats. The process of identifying vulnerabilities and implementing safeguards is something I find critical. Outside of this, I enjoy learning about cryptography and the principles of secure communication. My approach is proactive and focused on risk mitigation.","InformationSecurity, Firewalls, IntrusionDetection, VulnerabilityScanning",0,Reportee,Rani Perera
zmalinga,pwd33,Zola Malinga,"I have a knack for understanding user needs and translating them into functional requirements for systems. The process of bridging the gap between technical capabilities and user expectations is a key focus of my work. In my free time, I enjoy participating in user testing sessions for various applications and websites. My approach is user-centric and focused on understanding needs.","RequirementsEngineering, UserStories, UseCases, Agile",0,Reportee,Rani Perera
rfernando,pwd34,Rohan Fernando,"A firm believer in the power of automation to streamline repetitive tasks and improve efficiency. The process of identifying opportunities for automation and implementing solutions is something I find rewarding. Beyond this, I enjoy programming personal scripts to automate various aspects of my digital life. My approach is efficiency-focused and leverages technology.","RoboticsProgramming, PLCProgramming, AutomationTools",8,Reportee,Rani Perera
nadebayo,pwd35,Ngozi Adebayo,"I find satisfaction in optimizing the performance of systems to ensure they operate smoothly and efficiently. The process of identifying bottlenecks and implementing improvements is something I'm passionate about. In my leisure time, I enjoy tuning and maintaining my bicycle for optimal performance. My approach is performance-oriented and focused on optimization.","PerformanceEngineering, LoadTesting, Profiling, SystemMonitoring",0,Reportee,Rani Perera
hito,pwd36,Hiroshi Ito,"Curious about the architecture of complex systems and how different components are designed to work together. The process of understanding and designing these architectures is a key area of interest for me. Outside of this, I enjoy studying blueprints and architectural designs of buildings. My approach is structural and focused on understanding the big picture.","SolutionArchitecture, SystemDesign, IntegrationPatterns, CloudArchitecture",8,Reportee,Rani Perera
fdlamini,pwd37,Fikile Dlamini,"I appreciate the importance of data integrity and ensuring the accuracy and reliability of information within systems. The process of maintaining and validating data is a critical aspect of my work. In my free time, I enjoy working with spreadsheets and analyzing personal financial data. My approach is detail-oriented and focused on data quality.","DataGovernance, DataQuality, DataValidation, MasterDataManagement",8,Reportee,Rani Perera
psingh,pwd38,Priya Singh,"Interested in the scalability of systems and ensuring they can handle increasing demands without compromising performance. The process of designing and implementing scalable solutions is a key focus for me. Beyond this, I enjoy learning about distributed systems and cloud technologies. My approach is future-oriented and focused on growth.","ScalabilityEngineering, LoadBalancing, Caching, DistributedSystems",8,Reportee,Rani Perera
zyusuf,pwd39,Zaki Yusuf,"I have a knack for creating visual representations of complex data to make it more accessible and understandable. The process of data visualization is something I find particularly engaging. In my free time, I enjoy creating infographics and visual summaries of information I find interesting. My approach is visual and focused on clarity of communication.","DataVisualization, Tableau, PowerBI, D3js",0,Reportee,Rani Perera
rwijesinghe,pwd40,Rani Wijesinghe,"A firm believer in the importance of testing and quality assurance to ensure the reliability and stability of systems. The process of designing and executing test plans is a key aspect of my work. Beyond this, I enjoy playing puzzle games that require careful planning and attention to detail. My approach is quality-focused and emphasizes thoroughness.","TestAutomation, Selenium, Cypress, Jenkins",8,Reportee,Rani Perera
nokorie,pwd41,Nkem Okorie,"I find satisfaction in creating user interfaces that are both functional and aesthetically pleasing. The process of designing intuitive and engaging user experiences is something I'm passionate about. In my leisure time, I enjoy sketching and creating digital art. My approach is user-centric and focused on visual appeal.","FrontendDevelopment, React, HTML, CSS, JavaScript",0,Reportee,Rani Perera
hmatsumoto,pwd42,Hideki Matsumoto,"Curious about the server-side logic and the infrastructure that powers applications. The process of building and maintaining robust back-end systems is a key area of interest for me. Outside of this, I enjoy learning about server administration and network configurations. My approach is technical and focused on the underlying infrastructure.","BackendDevelopment, Nodejs, Python, RESTfulAPIs",8,Reportee,Rani Perera
arahman,pwd43,Ahmed Rahman,"I appreciate the importance of clear and concise communication in technical environments. The process of creating documentation and explaining complex concepts in simple terms is something I find rewarding. In my free time, I enjoy writing and editing technical articles. My approach is communicative and focused on clarity.","TechnicalCommunication, APIDocumentation, UserGuides, KnowledgeBases",8,Reportee,Rani Perera
komolade,pwd44,Kehinde Omolade,"Interested in the integration of different systems and ensuring they can communicate and work together seamlessly. The process of designing and implementing integrations is a key focus of my work. Beyond this, I enjoy learning about APIs and data exchange protocols. My approach is focused on interoperability and connectivity.","IntegrationEngineering, APIDesign, Microservices, MessageQueues",0,Reportee,Rani Perera
skumar,pwd45,Sunil Kumar,"I have a knack for identifying and resolving performance bottlenecks in applications. The process of optimizing code and infrastructure for speed and efficiency is something I find deeply engaging. When not focused on this, I enjoy analyzing performance metrics of various systems. My approach is analytical and focused on optimization.","PerformanceTuning, Profiling, LoadTesting, MonitoringTools",8,Reportee,Rani Perera
mnkosi,pwd46,Thembi Nkosi,"A firm believer in the value of continuous learning and staying up-to-date with the latest technological advancements. The process of exploring new technologies and incorporating them into solutions is a key aspect of my work. Outside of this, I enjoy attending webinars and online courses on emerging technologies. My approach is growth-oriented and embraces innovation.","ArtificialIntelligence, MachineLearning, DeepLearning, Python",0,Reportee,Rani Perera
osow,pwd47,Omar Sow,"I find satisfaction in building and deploying applications to make them accessible to users. The process of setting up and managing deployment pipelines is something I'm passionate about. In my leisure time, I enjoy learning about different deployment strategies and tools. My approach is practical and focused on delivery.","ContinuousIntegration, ContinuousDelivery, CI, CD, Jenkins, Git, AWS",0,Reportee,Rani Perera
pli,pwd48,Peng Li,"I appreciate the importance of feedback and using it to iteratively improve systems and processes. The process of gathering and analyzing feedback to drive enhancements is something I value. In my leisure time, I enjoy participating in online forums and providing constructive feedback on various projects. My approach is iterative and focused on continuous improvement based on input.","UsabilityTesting, ABTesting, UserResearch, DataAnalysis",8,Reportee,Rani Perera
ztesfaye,pwd49,Zelalem Tesfaye,"Interested in the legal and ethical implications of technology and ensuring that systems are developed and used responsibly. The process of considering these broader impacts is a key aspect of my approach. Beyond this, I enjoy reading about the history and philosophy of technology. My approach is thoughtful and considers the wider context.","EthicsinTech, RiskAssessment, PolicyAnalysis, Compliance",0,Reportee,Rani Perera
rperera,pwd50,Rani Perera,"I find satisfaction in creating documentation and training materials that help users understand and effectively utilize systems. The process of making technology accessible to a wider audience is something I'm passionate about. In my free time, I enjoy creating how-to guides and tutorials on various topics. My approach is educational and focused on user empowerment.","TechnicalTraining, CurriculumDevelopment, InstructionalDesign, Elearning",8,Manager,